gia,khoang_gia_min,khoang_gia_max,thuong_hieu,dong_xe,so_km_da_di,loai_xe,dung_tich_xe,xuat_xu,tuoi_xe,phan_khuc,gia_predict,resid,resid_z,vi_pham_minmax,ngoai_khoang_tin_cay,iso_score,score,is_anomaly
9e-06,74.3,87.23,Honda,SH,4000,Tay ga,100 - 175 cc,Việt Nam,3,trung_cap,71.16,-71.15999099999999,-12.705866134999274,1,1,1,568.2346453999711,1
1.0,75.95,89.16,Honda,SH,1000,Tay ga,100 - 175 cc,Đang cập nhật,1,trung_cap,69.63600000000002,-68.63600000000002,-12.255440531156461,1,1,1,550.2176212462585,1
7.2e-05,62.76,73.68,Honda,SH,9000,Tay ga,100 - 175 cc,Nhật Bản,6,trung_cap,65.87212666666667,-65.87205466666667,-11.76219323124326,1,1,1,530.4877292497305,1
44.0,14.53,17.05,Yamaha,Khác,14000,Tay ga,100 - 175 cc,Nhật Bản,9,pho_thong,10.390999999999996,33.609,8.628879069117817,1,1,1,405.1551627647127,1
18.5,78.55,92.21,Honda,SH,38878,Tay ga,100 - 175 cc,Việt Nam,0,trung_cap,67.44,-48.94,-8.740537865779219,1,0,1,389.6215146311688,1
0.16,38.82,45.57,Honda,SH,80000,Tay ga,100 - 175 cc,Đang cập nhật,10,trung_cap,45.11345678,-44.95345678,-8.029108571017868,1,1,1,381.1643428407148,1
49.55,14.53,17.05,Yamaha,Khác,11000,Tay ga,100 - 175 cc,Nước khác,8,pho_thong,18.559699106666663,30.990300893333334,7.9525599058936915,1,1,1,378.10239623574773,1
60.0,13.97,16.4,Honda,Dream,70000,Xe số,100 - 175 cc,Thái Lan,29,trung_cap,19.1111111,40.8888889,7.290118156889637,1,1,1,351.60472627558556,1
74.0,14.26,16.74,Honda,Dòng khác,1500,Tay ga,100 - 175 cc,Nước khác,0,trung_cap,35.022999999999996,38.977000000000004,6.948926879954466,1,1,1,337.9570751981787,1
45.0,8.55,10.04,Honda,Cub,10000,Xe số,50 - 100 cc,Nhật Bản,28,trung_cap,9.127000000000006,35.87299999999999,6.394994209700049,1,1,1,315.799768388002,1
65.0,13.65,16.03,Honda,Wave,100000,Xe số,100 - 175 cc,Thái Lan,4,trung_cap,29.710000000000004,35.28999999999999,6.290953376337187,1,1,1,311.63813505348753,1
50.0,36.71,43.1,Honda,Air Blade,4000,Tay ga,100 - 175 cc,Việt Nam,2,trung_cap,15.741999999999994,34.25800000000001,6.10678504009281,1,1,1,304.2714016037125,1
61.0,14.53,17.05,Honda,PS,61325,Tay ga,100 - 175 cc,Nước khác,13,trung_cap,26.77580245,34.22419755,6.100752732944084,1,1,1,304.03010931776345,1
46.0,8.92,10.47,Honda,Cub,0,Xe số,Dưới 50 cc,Nhật Bản,29,trung_cap,12.209000000000001,33.791,6.023445298788423,1,1,1,300.937811951537,1
70.0,14.31,16.8,Honda,Wave,30000,Xe số,100 - 175 cc,Việt Nam,3,trung_cap,37.75385952380952,32.24614047619048,5.747753236548807,1,1,1,289.91012946195235,1
50.0,45.48,53.39,Suzuki,Khác,18000,Tay côn/Moto,100 - 175 cc,Trung Quốc,6,pho_thong,22.382599959999997,27.617400040000003,6.22469648582083,0,1,1,288.9878594328332,1
50.0,21.52,25.26,Suzuki,Satria,24000,Tay côn/Moto,100 - 175 cc,Việt Nam,5,pho_thong,24.69099999,25.30900001,5.706669087142251,1,1,1,288.26676348569015,1
64.0,40.54,47.59,Honda,Vario,90000,Tay ga,100 - 175 cc,Nước khác,7,trung_cap,32.14500013000002,31.85499986999998,5.677951187440547,1,1,1,287.11804749762194,1
48.0,41.9,49.18,Yamaha,Exciter,111111,Tay côn/Moto,100 - 175 cc,Đang cập nhật,15,pho_thong,25.13933443333333,22.86066556666667,5.852957035349635,0,1,1,274.1182814139854,1
40.0,15.73,18.46,Yamaha,Exciter,300,Tay côn/Moto,100 - 175 cc,Việt Nam,8,pho_thong,17.74299999999999,22.25700000000001,5.6970511544961076,1,0,1,267.88204617984434,1
60.0,74.21,87.11,Honda,SH,100000,Tay ga,100 - 175 cc,Nước khác,2,trung_cap,31.28649379666667,28.71350620333333,5.117327484037201,1,1,1,264.69309936148807,1
60.0,49.74,58.4,Honda,CBR,24000,Tay côn/Moto,100 - 175 cc,Trung Quốc,4,trung_cap,31.8418999,28.1581001,5.018210993735966,1,1,1,260.72843974943873,1
50.0,10.12,11.88,Honda,Dòng khác,8850,Tay côn/Moto,Trên 175 cc,Nhật Bản,13,trung_cap,22.100369999999998,27.899630000000002,4.972085016714728,1,1,1,258.88340066858916,1
65.0,29.53,34.66,Honda,Vision,8000,Tay ga,100 - 175 cc,Việt Nam,1,trung_cap,37.455000000000005,27.544999999999995,4.90879856605354,1,1,1,256.3519426421417,1
25.0,40.73,47.82,Honda,SH,50000,Tay ga,100 - 175 cc,Nước khác,17,trung_cap,55.092666666666645,-30.092666666666645,-5.377086293450489,1,0,1,255.08345173801962,1
40.0,8.52,10.0,Honda,Cub,56000,Xe số,50 - 100 cc,Đang cập nhật,29,trung_cap,10.526999999999994,29.473000000000006,5.25286499268064,1,0,1,250.11459970722564,1
40.0,8.39,9.84,Piaggio,Vespa,13500,Tay ga,100 - 175 cc,Việt Nam,13,pho_thong,13.591999999999999,26.408,5.247714443744336,1,0,1,249.90857774977346,1
45.0,43.32,50.85,Yamaha,R,1500,Tay ga,100 - 175 cc,Hàn Quốc,3,pho_thong,24.55449444,20.44550556,5.229204962955053,0,1,1,249.16819851820216,1
73.0,74.57,87.54,Honda,SH,7500,Tay ga,100 - 175 cc,Nước khác,3,trung_cap,46.611000000000004,26.388999999999996,4.7025014762294095,1,1,1,248.10005904917642,1
50.0,9.54,11.2,Honda,Wave,30000,Xe số,100 - 175 cc,Thái Lan,9,trung_cap,23.784333283333336,26.215666716666664,4.6715688188580184,1,1,1,246.86275275432078,1
49.0,6.02,7.06,Yamaha,Sirius,50000,Xe số,100 - 175 cc,Đang cập nhật,18,pho_thong,30.8471,18.1529,4.6371044539676545,1,1,1,245.48417815870621,1
3.58,27.84,32.68,Honda,Vision,2000,Tay ga,100 - 175 cc,Việt Nam,2,trung_cap,29.121000000000002,-25.541000000000004,-4.564806373742157,1,1,1,242.59225494968635,1
68.686,35.93,42.18,Honda,SH Mode,50000,Tay ga,100 - 175 cc,Việt Nam,7,trung_cap,43.10118500000003,25.584814999999978,4.558988478668663,1,1,1,242.35953914674658,1
63.0,46.52,54.61,Honda,CBR,4000,Tay côn/Moto,100 - 175 cc,Đang cập nhật,1,trung_cap,37.49599999,25.50400001,4.544566422223021,1,1,1,241.78265688892088,1
6.0,41.61,48.85,Yamaha,Exciter,20000,Tay côn/Moto,100 - 175 cc,Việt Nam,15,pho_thong,24.977166666666662,-18.977166666666662,-4.952304101802118,1,0,1,238.09216407208473,1
0.0,62.14,72.95,Honda,SH,50000,Tay ga,100 - 175 cc,Đang cập nhật,6,trung_cap,24.840999999999998,-24.840999999999998,-4.439885990630658,1,1,1,237.59543962522636,1
59.5,38.7,45.44,Honda,Lead,7000,Tay ga,100 - 175 cc,Đang cập nhật,1,trung_cap,34.585,24.915,4.439454840934626,1,1,1,237.57819363738508,1
8.0,26.52,31.14,Honda,Future,74000,Xe số,100 - 175 cc,Việt Nam,16,trung_cap,35.565,-27.564999999999998,-4.9260047386245445,1,0,1,237.0401895449818,1
5.7,8.14,9.56,SYM,Khác,100000,Tay côn/Moto,100 - 175 cc,Đài Loan,6,pho_thong,15.55223330333334,-9.852233303333339,-4.8362776806654155,1,0,1,233.45110722661664,1
43.5,41.9,49.18,Yamaha,Exciter,29800,Tay côn/Moto,100 - 175 cc,Việt Nam,15,pho_thong,22.64041682666667,20.85958317333333,5.336146850339707,0,0,1,233.44587401358834,1
3.6,14.53,17.05,Hãng khác,Khác,50000,Tay côn/Moto,100 - 175 cc,Nước khác,6,pho_thong,25.115383153333333,-21.51538315333333,-4.2991687891771475,1,1,1,231.96675156708594,1
0.00025,140.94,165.46,Honda,CB,1230,Tay côn/Moto,Trên 175 cc,Đang cập nhật,2,trung_cap,24.035172500000026,-24.034922500000025,-4.296035261891293,1,1,1,231.84141047565174,1
0.1,69.27,81.32,Honda,SH,23000,Tay ga,100 - 175 cc,Nước khác,4,trung_cap,23.732999999999976,-23.632999999999974,-4.22430910091824,1,1,1,228.9723640367296,1
0.00037,361.56,424.44,Hãng khác,Khác,8900,Tay côn/Moto,Trên 175 cc,Nước khác,1,pho_thong,21.073233099999992,-21.072863099999992,-4.205991572309437,1,1,1,228.2396628923775,1
4.0,57.96,68.03,Honda,SH,111,Tay ga,100 - 175 cc,Thái Lan,7,trung_cap,27.529000000000007,-23.529000000000007,-4.20574950114168,1,1,1,228.22998004566722,1
55.0,50.6,59.4,Honda,SH Mode,438,Tay ga,100 - 175 cc,Đang cập nhật,18,trung_cap,28.874200000000002,26.125799999999998,4.655531412179486,0,1,1,226.22125648717946,1
48.0,9.23,10.84,Honda,Dream,50000,Xe số,50 - 100 cc,Thái Lan,23,trung_cap,24.914222213333332,23.085777786666668,4.113016069955109,1,1,1,224.5206427982044,1
46.0,36.71,43.1,Honda,Air Blade,7200,Tay ga,100 - 175 cc,Nhật Bản,2,trung_cap,23.162499999999994,22.837500000000006,4.068708989628718,1,1,1,222.7483595851487,1
0.066,55.2,64.8,Honda,SH,35000,Tay ga,100 - 175 cc,Nhật Bản,8,trung_cap,22.798893333333343,-22.732893333333344,-4.063678144287941,1,1,1,222.54712577151764,1
55.0,15.97,18.75,Honda,Air Blade,60000,Tay ga,100 - 175 cc,Việt Nam,10,trung_cap,32.27631904761907,22.72368095238093,4.048397105294488,1,1,1,221.93588421177958,1
78.0,79.14,92.9,Honda,CB,20000,Tay côn/Moto,Trên 175 cc,Nhật Bản,4,trung_cap,55.334362500000005,22.665637499999995,4.0380388048537155,1,1,1,221.52155219414865,1
43.5,41.61,48.85,Yamaha,Exciter,40000,Tay côn/Moto,100 - 175 cc,Việt Nam,15,pho_thong,23.845,19.655,5.025044791401876,0,0,1,221.00179165607506,1
52.0,46.0,54.0,Honda,ADV 150,32903,Tay ga,100 - 175 cc,Việt Nam,9,trung_cap,26.684974990000004,25.315025009999996,4.51084238022517,0,1,1,220.43369520900683,1
1.5,24.1,28.29,Honda,Air Blade,53459,Tay ga,100 - 175 cc,Việt Nam,6,trung_cap,23.796333333333333,-22.296333333333333,-3.9857706550720025,1,1,1,219.43082620288013,1
25.0,44.59,52.35,Honda,SH,10000,Tay ga,100 - 175 cc,Nhật Bản,9,trung_cap,50.01548999999999,-25.015489999999993,-4.47102507298655,1,0,1,218.84100291946203,1
48.0,15.8,18.55,Yamaha,Exciter,20000,Tay côn/Moto,100 - 175 cc,Nhật Bản,14,pho_thong,32.47633333333335,15.52366666666665,3.958064665320667,1,1,1,218.32258661282665,1
35.0,10.03,11.77,Honda,Wave,14000,Xe số,50 - 100 cc,Nhật Bản,22,trung_cap,10.022,24.978,4.450697675414662,1,0,1,218.02790701658648,1
49.999999,34.12,40.05,Honda,Air Blade,9500,Tay ga,100 - 175 cc,Đang cập nhật,3,trung_cap,27.832127999999997,22.167871000000005,3.9492085450250465,1,1,1,217.96834180100188,1
50.0,10.03,11.77,Honda,Wave,10000,Xe số,100 - 175 cc,Thái Lan,22,trung_cap,27.903014285714285,22.096985714285715,3.936558520670194,1,1,1,217.46234082680775,1
46.8,22.73,26.69,Honda,Wave,20000,Xe số,100 - 175 cc,Thái Lan,26,trung_cap,25.237555550000007,21.56244444999999,3.8411655213509404,1,1,1,213.6466208540376,1
30.0,27.6,32.4,Yamaha,Khác,20000,Tay ga,100 - 175 cc,Đài Loan,11,pho_thong,11.176999999999998,18.823,4.810168045016634,0,0,1,212.40672180066537,1
57.0,36.71,43.1,Honda,Air Blade,5000,Tay ga,100 - 175 cc,Việt Nam,2,trung_cap,35.66300000000004,21.33699999999996,3.8009332255447053,1,1,1,212.0373290217882,1
0.0295,28.12,33.01,Yamaha,PG-1,2000,Xe số,100 - 175 cc,Nhật Bản,0,pho_thong,14.437700000000014,-14.408200000000013,-3.7722984627685205,1,1,1,210.89193851074083,1
17.9,41.61,48.85,Yamaha,Exciter,2222,Xe số,100 - 175 cc,Việt Nam,15,pho_thong,34.06000000000003,-16.160000000000032,-4.224727650650336,1,0,1,208.98910602601345,1
72.0,36.71,43.09,Honda,SH,36000,Tay ga,Trên 175 cc,Đang cập nhật,11,trung_cap,51.163000000000004,20.836999999999996,3.71170438046507,1,1,1,208.4681752186028,1
3.0,17.08,20.05,Honda,Winner X,23000,Tay côn/Moto,100 - 175 cc,Nhật Bản,5,trung_cap,23.346366666666658,-20.346366666666658,-3.637784107851071,1,1,1,205.51136431404285,1
48.0,33.65,39.5,Honda,Air Blade,10000,Tay ga,100 - 175 cc,Đang cập nhật,3,trung_cap,27.626532999999995,20.373467000000005,3.628983351972469,1,1,1,205.15933407889878,1
0.022,9.14,10.73,Honda,Blade,58000,Tay ga,100 - 175 cc,Việt Nam,9,trung_cap,20.298528333333337,-20.27652833333334,-3.625320920199833,1,1,1,205.01283680799332,1
40.0,14.11,16.56,Honda,Dream,50000,Xe số,100 - 175 cc,Thái Lan,30,trung_cap,17.05044443,22.94955557,4.088706167820399,1,0,1,203.54824671281597,1
49.0,41.61,48.85,Yamaha,Exciter,30000,Tay côn/Moto,100 - 175 cc,Nhật Bản,15,pho_thong,34.98600000000001,14.013999999999989,3.5681701202971268,1,1,1,202.7268048118851,1
75.0,40.61,47.67,Honda,SH,50000,Tay ga,100 - 175 cc,Nước khác,17,trung_cap,55.092666666666645,19.907333333333355,3.545798214513661,1,1,1,201.83192858054645,1
63.0,37.85,44.43,Honda,Air Blade,670,Tay ga,100 - 175 cc,Việt Nam,1,trung_cap,43.222666666666676,19.777333333333324,3.5225987147929487,1,1,1,200.90394859171795,1
64.0,11.52,13.52,Honda,Wave,2230,Xe số,100 - 175 cc,Việt Nam,21,trung_cap,44.25600000000002,19.74399999999998,3.5166501251209703,1,1,1,200.6660050048388,1
18.0,14.53,17.05,Hãng khác,Khác,10000,Tay côn/Moto,Trên 175 cc,Mỹ,1,pho_thong,38.146033300000006,-20.146033300000006,-4.010837882383882,1,0,1,200.43351529535528,1
48.0,31.43,36.89,Piaggio,Liberty,6000,Tay ga,100 - 175 cc,Nước khác,1,pho_thong,30.307827120000002,17.692172879999998,3.488418958479284,1,1,1,199.53675833917137,1
51.0,41.61,48.85,Yamaha,Exciter,20000,Tay côn/Moto,100 - 175 cc,Đang cập nhật,15,pho_thong,37.79500385,13.20499615,3.35923248195442,1,1,1,194.36929927817678,1
35.0,19.92,23.38,Yamaha,Exciter,50000,Tay côn/Moto,100 - 175 cc,Việt Nam,6,pho_thong,19.876,15.123999999999999,3.8548446256909012,1,0,1,194.19378502763604,1
42.0,41.61,48.85,Yamaha,Exciter,20000,Tay côn/Moto,100 - 175 cc,Việt Nam,15,pho_thong,24.977166666666662,17.022833333333338,4.345247424482381,0,0,1,193.80989697929525,1
5.4,47.9,56.24,Honda,SH Mode,17386,Tay ga,100 - 175 cc,Việt Nam,4,trung_cap,26.800000000000022,-21.40000000000002,-3.825813078792569,1,0,1,193.03252315170278,1
21.8,36.13,42.41,Honda,SH Mode,50000,Tay ga,100 - 175 cc,Việt Nam,7,trung_cap,43.10118500000003,-21.30118500000003,-3.808178782139481,1,0,1,192.32715128557925,1
6.0,11.14,13.08,Honda,Dream,1000,Xe số,100 - 175 cc,Thái Lan,10,trung_cap,27.204333293333335,-21.204333293333335,-3.7908948502797584,1,0,1,191.63579401119034,1
0.0628,43.05,50.54,Piaggio,Vespa,14800,Tay ga,100 - 175 cc,Đang cập nhật,3,pho_thong,15.840849549999989,-15.77804954999999,-3.2675676393728317,1,1,1,190.70270557491327,1
58.5,4.61,5.41,Honda,Dream,1000,Xe số,100 - 175 cc,Việt Nam,16,trung_cap,40.257666666666665,18.242333333333335,3.2486661603984515,1,1,1,189.94664641593806,1
9.5,14.53,17.05,Suzuki,Dòng khác,500,Tay côn/Moto,100 - 175 cc,Mỹ,27,pho_thong,26.254460020000007,-16.754460020000007,-3.732780096525106,1,0,1,189.31120386100423,1
34.0,15.43,18.12,Honda,Dream,10000,Xe số,50 - 100 cc,Nhật Bản,26,trung_cap,13.045,20.955,3.7327623879038656,1,0,1,189.31049551615462,1
25.0,26.44,31.04,Yamaha,Dòng khác,100000,Tay côn/Moto,Trên 175 cc,Đang cập nhật,6,pho_thong,39.24259998,-14.242599980000001,-3.7295297205823026,1,0,1,189.1811888232921,1
4.5,23.46,27.54,Suzuki,Khác,9999,Tay côn/Moto,100 - 175 cc,Nhật Bản,16,pho_thong,21.131000000000004,-16.631000000000004,-3.7050744683106553,1,0,1,188.20297873242623,1
3.97,8.62,10.12,Honda,Dream,15,Xe số,100 - 175 cc,Nhật Bản,15,trung_cap,21.829000829999995,-17.859000829999996,-3.1938945460584263,1,1,1,187.75578184233706,1
59.0,44.64,52.4,Honda,SH,48000,Tay ga,100 - 175 cc,Mỹ,19,trung_cap,41.15470761904762,17.84529238095238,3.177811149137904,1,1,1,187.11244596551614,1
1.6,15.55,18.25,Honda,Winner,30000,Tay côn/Moto,100 - 175 cc,Việt Nam,6,trung_cap,19.341,-17.741,-3.1728363904997487,1,1,1,186.91345561998995,1
48.5,47.9,56.24,Honda,SH Mode,17000,Tay ga,100 - 175 cc,Việt Nam,4,trung_cap,27.93800000000002,20.56199999999998,3.662628515671264,0,1,1,186.50514062685056,1
69.0,44.64,52.4,Honda,SH,40000,Tay ga,100 - 175 cc,Nước khác,19,trung_cap,51.51428571428571,17.485714285714288,3.1136416728298397,1,1,1,184.54566691319357,1
59.8,51.28,60.19,Honda,Vario,23000,Tay ga,50 - 100 cc,Việt Nam,8,trung_cap,39.52900000000001,20.270999999999987,3.610697327834914,0,1,1,184.42789311339655,1
12.5,14.49,17.01,Suzuki,Khác,70000,Tay côn/Moto,100 - 175 cc,Nhật Bản,7,pho_thong,28.507399980000006,-16.007399980000006,-3.565132563970744,1,0,1,182.60530255882975,1
4.0,28.55,33.51,Yamaha,Exciter,40000,Tay côn/Moto,100 - 175 cc,Việt Nam,2,pho_thong,15.655,-11.655,-3.0612423832638926,1,1,1,182.4496953305557,1
3.5,20.83,24.45,Honda,Winner,100000,Tay côn/Moto,100 - 175 cc,Nhật Bản,3,trung_cap,20.614666636666662,-17.114666636666662,-3.061062385209586,1,1,1,182.44249540838345,1
30.0,10.6,12.44,Piaggio,LX,16,Tay ga,100 - 175 cc,Việt Nam,12,pho_thong,12.102999999999987,17.897000000000013,3.5297634485104115,1,0,1,181.19053794041648,1
60.0,47.19,55.39,Honda,Vario,56000,Tay ga,100 - 175 cc,Nước khác,9,trung_cap,43.2409,16.759099999999997,2.98397176576453,1,1,1,179.35887063058118,1
75.0,16.31,19.14,Honda,Wave,851,Xe số,100 - 175 cc,Đang cập nhật,1,trung_cap,58.270999999999994,16.729000000000006,2.978600189290737,1,1,1,179.14400757162946,1
15.5,14.31,16.8,Honda,Wave,30000,Xe số,100 - 175 cc,Việt Nam,3,trung_cap,37.75385952380952,-22.253859523809517,-3.978190877132117,0,0,1,179.12763508528468,1
57.0,58.13,68.25,Honda,SH,47000,Tay ga,100 - 175 cc,Việt Nam,7,trung_cap,73.59775,-16.597750000000005,-2.9688146362251495,1,1,1,178.75258544900595,1
1.234567,13.61,15.98,Yamaha,Exciter,123456,Tay côn/Moto,100 - 175 cc,Việt Nam,11,pho_thong,12.514499999999998,-11.279932999999998,-2.964375584421977,1,1,1,178.57502337687907,1
25.5,14.53,17.05,Hãng khác,Dòng khác,50,Tay côn/Moto,100 - 175 cc,Đang cập nhật,17,pho_thong,10.191500000000003,15.308499999999997,3.4544842275478196,1,0,1,178.17936910191278,1
65.0,11.52,13.52,Honda,Wave,2500,Xe số,100 - 175 cc,Việt Nam,21,trung_cap,48.43600000000002,16.56399999999998,2.9491546704144507,1,1,1,177.96618681657802,1
72.0,28.0,32.86,Honda,Vision,7000,Tay ga,100 - 175 cc,Việt Nam,2,trung_cap,55.54200000000001,16.45799999999999,2.9302381552575687,1,1,1,177.20952621030276,1
6.3,9.16,10.76,Honda,Dòng khác,50000,Tay côn/Moto,Trên 175 cc,Nhật Bản,25,trung_cap,25.153333313333327,-18.853333313333327,-3.3713408242844363,1,0,1,174.85363297137746,1
9.1,10.03,11.77,Honda,Wave,10000,Xe số,100 - 175 cc,Thái Lan,22,trung_cap,27.903014285714285,-18.803014285714283,-3.3623610068444805,1,0,1,174.49444027377922,1
1.58,164.68,193.32,Kawasaki,Khác,15000,Tay côn/Moto,Trên 175 cc,Thái Lan,2,trung_cap,46.8880099,-45.3080099,-2.8547561680239673,1,1,1,174.1902467209587,1
16.9,26.31,30.89,Yamaha,Khác,1000,Tay côn/Moto,100 - 175 cc,Nhật Bản,6,pho_thong,29.61180000000002,-12.711800000000022,-3.3341771736243833,1,0,1,173.36708694497534,1
13.5,26.94,31.63,Honda,Future,99999,Xe số,100 - 175 cc,Thái Lan,17,trung_cap,31.941000000000003,-18.441000000000003,-3.297756773611247,1,0,1,171.91027094444988,1
75.0,69.11,81.13,Honda,Click,16000,Tay ga,100 - 175 cc,Thái Lan,3,trung_cap,56.489,18.511000000000003,3.296611793154579,0,1,1,171.86447172618315,1
48.5,38.25,44.9,Yamaha,Exciter,2511,Tay côn/Moto,100 - 175 cc,Thái Lan,18,pho_thong,37.59400055,10.905999450000003,2.7654813631486426,1,1,1,170.61925452594568,1
75.0,111.75,131.19,Honda,SH,9000,Tay ga,100 - 175 cc,Nước khác,14,trung_cap,59.46945677999998,15.53054322000002,2.7647263605762076,1,1,1,170.5890544230483,1
50.0,28.41,33.35,Piaggio,GTS,43000,Tay ga,100 - 175 cc,Nước khác,17,pho_thong,35.91110000000002,14.088899999999981,2.7610959376479554,1,1,1,170.4438375059182,1
10.0,9.2,10.8,SYM,Khác,486,Tay côn/Moto,100 - 175 cc,Đài Loan,14,pho_thong,18.72733333333333,-8.72733333333333,-4.259490482846286,0,0,0,170.37961931385146,1
67.0,38.82,45.57,Honda,SH,40000,Tay ga,Trên 175 cc,Đang cập nhật,10,trung_cap,51.535,15.465000000000003,2.753029668929403,1,1,1,170.1211867571761,1
26.0,10.08,11.83,Honda,Wave,20000,Xe số,100 - 175 cc,Việt Nam,22,trung_cap,7.77599999999999,18.22400000000001,3.245394436078866,1,0,1,169.81577744315464,1
60.5,66.3,77.83,Honda,SH,36000,Tay ga,100 - 175 cc,Việt Nam,5,trung_cap,75.82833333333332,-15.328333333333319,-2.742277470042116,1,1,1,169.69109880168463,1
35.0,40.12,47.1,Yamaha,Exciter,62500,Tay côn/Moto,100 - 175 cc,Việt Nam,16,pho_thong,22.278000000000002,12.721999999999998,3.234491326631585,1,0,1,169.37965306526343,1
75.0,28.0,32.86,Honda,Vision,4000,Tay ga,100 - 175 cc,Việt Nam,2,trung_cap,59.668,15.332,2.729294796138218,1,1,1,169.1717918455287,1
12.345678,45.34,53.22,Piaggio,Vespa,5000,Tay ga,100 - 175 cc,Nước khác,3,pho_thong,27.856666120000003,-15.510988120000004,-3.213661112589014,1,0,1,168.54644450356056,1
45.6,13.06,15.34,Suzuki,Khác,50,Tay ga,100 - 175 cc,Nhật Bản,24,pho_thong,33.72099999999996,11.87900000000004,2.692846578470069,1,1,1,167.71386313880274,1
2.25,172.31,202.28,Kawasaki,Khác,7000,Tay côn/Moto,Trên 175 cc,Nhật Bản,9,trung_cap,45.0574,-42.8074,-2.666946201604951,1,1,1,166.67784806419803,1
19.0,19.09,22.41,Honda,CB,99999,Tay côn/Moto,Trên 175 cc,Đang cập nhật,27,trung_cap,36.689999990000004,-17.689999990000004,-3.1637350465170493,1,0,1,166.54940186068197,1
0.08,40.64,47.7,Yamaha,Dòng khác,24000,Tay côn/Moto,Trên 175 cc,Nhật Bản,7,pho_thong,12.124600000000003,-12.044600000000003,-3.1618625520039054,1,1,0,166.4745020801562,1
49.0,14.53,17.05,Piaggio,Khác,7283,Tay ga,100 - 175 cc,Việt Nam,6,pho_thong,32.948000000000015,16.051999999999985,3.1573489747462666,1,1,0,166.29395898985067,1
55.0,62.14,72.95,Honda,SH,39000,Tay ga,100 - 175 cc,Đang cập nhật,6,trung_cap,69.75500000000001,-14.75500000000001,-2.6399617276841316,1,1,1,165.59846910736528,1
1.0,36.71,43.1,Honda,Air Blade,4000,Tay ga,100 - 175 cc,Việt Nam,2,trung_cap,15.741999999999994,-14.741999999999994,-2.6376417777120578,1,1,1,165.50567110848232,1
68.8,14.27,16.76,Honda,Wave,1500,Xe số,100 - 175 cc,Thái Lan,2,trung_cap,54.05200000000006,14.747999999999934,2.6250755050851846,1,1,1,165.00302020340737,1
40.0,12.59,14.78,Honda,Air Blade,34000,Tay ga,100 - 175 cc,Thái Lan,15,trung_cap,22.526857142857136,17.473142857142864,3.111398204724981,1,0,1,164.45592818899922,1
5.5e-05,41.61,48.85,Yamaha,Exciter,10,Tay côn/Moto,100 - 175 cc,Đang cập nhật,15,pho_thong,11.835036299999988,-11.834981299999988,-3.107725311333825,1,1,0,164.30901245335298,1
8.0,22.73,26.69,Honda,Wave,20000,Xe số,100 - 175 cc,Thái Lan,26,trung_cap,25.237555550000007,-17.237555550000007,-3.0829928568292395,1,0,1,163.31971427316958,1
50.5,13.94,16.37,Honda,Future,16000,Xe số,100 - 175 cc,Đang cập nhật,24,trung_cap,36.001,14.499000000000002,2.5806395402355355,1,1,1,163.22558160942143,1
0.86,42.32,49.68,Honda,SH Mode,100000,Tay ga,100 - 175 cc,Việt Nam,5,trung_cap,15.276124009999984,-14.416124009999985,-2.5794867012582867,1,1,1,163.17946805033145,1
64.999999,43.42,50.97,Honda,Click,25000,Xe số,100 - 175 cc,Thái Lan,10,trung_cap,50.591499369999994,14.408499630000009,2.564489053246776,1,1,1,162.57956212987102,1
55.0,36.71,43.09,Honda,SH,63000,Tay ga,100 - 175 cc,Việt Nam,11,trung_cap,40.655,14.344999999999999,2.5531570559510053,1,1,1,162.1262822380402,1
30.0,14.31,16.8,Honda,Wave,5000,Xe số,50 - 100 cc,Nhật Bản,3,trung_cap,13.019999999999998,16.980000000000004,3.0233930695207167,1,0,1,160.93572278082866,1
60.0,50.14,58.86,Honda,Vario,51000,Tay ga,100 - 175 cc,Ấn Độ,8,trung_cap,45.82677775000001,14.173222249999988,2.5225019954652446,1,1,1,160.90007981860975,1
70.0,65.28,76.63,Honda,SH,100000,Tay ga,100 - 175 cc,Nhật Bản,16,trung_cap,53.11945678,16.88054322,3.005644242291236,0,1,1,160.22576969164945,1
15.0,19.81,23.26,Yamaha,Exciter,80000,Tay côn/Moto,100 - 175 cc,Việt Nam,6,pho_thong,26.396000000000004,-11.396000000000004,-2.99435166533868,1,0,1,159.7740666135472,1
46.0,15.9,18.67,Honda,Dream,6789,Xe số,100 - 175 cc,Thái Lan,28,trung_cap,32.086000000000006,13.913999999999994,2.4762417914923534,1,1,1,159.04967165969413,1
1.5e-05,14.95,17.54,Yamaha,Exciter,100000,Tay côn/Moto,100 - 175 cc,Việt Nam,9,pho_thong,9.309077267857147,-9.309062267857147,-2.4553680237624156,1,1,1,158.21472095049663,1
68.0,40.73,47.82,Honda,SH,49000,Tay ga,100 - 175 cc,Nước khác,17,trung_cap,54.312666666666644,13.687333333333356,2.435791381722921,1,1,1,157.4316552689168,1
60.0,26.52,31.14,Honda,Future,99999,Xe số,100 - 175 cc,Nhật Bản,16,trung_cap,46.355,13.645000000000003,2.4282366728395077,1,1,1,157.1294669135803,1
32.0,17.23,20.23,Piaggio,Vespa,123456,Tay ga,100 - 175 cc,Đang cập nhật,11,pho_thong,17.17006912,14.82993088,2.9106735122919574,1,0,1,156.4269404916783,1
22.0,14.53,17.05,Hãng khác,Khác,100,Tay côn/Moto,Trên 175 cc,Việt Nam,1,pho_thong,36.91802720000001,-14.918027200000012,-2.910026620846623,1,0,1,156.40106483386492,1
32.0,14.53,17.05,Yamaha,Khác,25000,Tay ga,100 - 175 cc,Thái Lan,6,pho_thong,18.624000000000002,13.375999999999998,3.4033968460257538,1,0,0,156.13587384103016,1
75.0,98.4,115.51,Honda,SH,30000,Tay ga,100 - 175 cc,Việt Nam,15,trung_cap,61.523,13.476999999999997,2.398255780892747,1,1,1,155.93023123570987,1
10.0,13.66,16.04,Yamaha,Exciter,12345,Tay côn/Moto,100 - 175 cc,Nước khác,13,pho_thong,22.940040000000003,-12.940040000000003,-3.393123650301022,1,0,0,155.72494601204087,1
6.8,14.53,17.05,SYM,Khác,10000,Tay côn/Moto,100 - 175 cc,Việt Nam,4,pho_thong,13.82849999999999,-7.0284999999999895,-3.388421637591483,1,0,0,155.53686550365933,1
45.0,41.94,49.23,Yamaha,Exciter,100,Xe số,100 - 175 cc,Thái Lan,19,pho_thong,33.658500000000004,11.341499999999996,2.877956052130592,0,1,1,155.11824208522367,1
0.034,26.35,30.93,Yamaha,Exciter,15000,Tay côn/Moto,100 - 175 cc,Nước khác,4,pho_thong,10.933440000000004,-10.899440000000004,-2.866107437952796,1,1,0,154.64429751811184,1
32.5,39.79,46.71,Piaggio,GTS,75000,Tay ga,100 - 175 cc,Nước khác,13,pho_thong,17.89134567,14.60865433,2.866008693904644,1,0,1,154.64034775618575,1
35.0,32.2,37.8,Hãng khác,Khác,10000,Tay côn/Moto,Trên 175 cc,Đang cập nhật,8,pho_thong,51.913824700000006,-16.913824700000006,-3.3302626193753744,0,0,1,153.21050477501498,1
20.0,38.25,44.9,Yamaha,Exciter,100000,Xe số,100 - 175 cc,Thái Lan,18,pho_thong,30.745999960000002,-10.745999960000002,-2.826479196894597,1,0,1,153.05916787578388,1
60.0,62.14,72.95,Honda,SH,8900,Tay ga,100 - 175 cc,Việt Nam,6,trung_cap,72.90700000000001,-12.90700000000001,-2.310171916269777,1,1,1,152.40687665079108,1
73.0,44.59,52.35,Honda,SH,99999,Tay ga,Trên 175 cc,Nhật Bản,9,trung_cap,60.11765333333333,12.88234666666667,2.2921353205805635,1,1,1,151.68541282322255,1
1.8,6.89,8.08,SYM,Shark,30000,Tay ga,100 - 175 cc,Đài Loan,15,pho_thong,7.653173809523809,-5.853173809523809,-2.785778631095373,1,1,0,151.4311452438149,1
30.0,35.34,41.48,Honda,Vario,2600,Tay ga,100 - 175 cc,Ấn Độ,2,trung_cap,45.48699998000001,-15.486999980000007,-2.7705927533115724,1,0,1,150.8237101324629,1
10.0,14.53,17.05,Suzuki,Raider,100000,Tay côn/Moto,100 - 175 cc,Việt Nam,0,pho_thong,22.455366666666674,-12.455366666666674,-2.7680217714684097,1,0,1,150.7208708587364,1
2.9,3.24,3.8,SYM,Attila,0,Tay ga,100 - 175 cc,Nhật Bản,0,pho_thong,8.67729999999999,-5.77729999999999,-2.746874690167091,1,1,0,149.87498760668362,1
25.0,12.7,14.9,SYM,Attila,2154,Tay ga,50 - 100 cc,Đang cập nhật,1,pho_thong,19.14192797,5.858072029999999,3.2191078929480303,1,0,0,148.76431571792122,1
70.0,111.87,131.33,Honda,SH,35000,Tay ga,100 - 175 cc,Nước khác,14,trung_cap,57.62339491999999,12.376605080000012,2.201881845206541,1,1,1,148.07527380826164,1
49.0,6.24,7.32,Hãng khác,Dòng khác,33820,Tay côn/Moto,100 - 175 cc,Nước khác,8,pho_thong,37.356,11.643999999999998,2.6828854974118146,1,1,0,147.31541989647258,1
4.4,18.33,21.52,Yamaha,Mio,12345,Tay ga,100 - 175 cc,Nhật Bản,4,pho_thong,14.51944444,-10.119444439999999,-2.664661634914652,1,1,0,146.58646539658608,1
46.8,6.56,7.7,Honda,Dream,86863,Xe số,100 - 175 cc,Nhật Bản,0,trung_cap,34.67100000000004,12.128999999999955,2.157694814558026,1,1,1,146.30779258232104,1
1.8,3.42,4.02,SYM,Elegant,20000,Xe số,100 - 175 cc,Việt Nam,15,pho_thong,7.351,-5.551,-2.630840423701192,1,1,0,145.23361694804768,1
40.0,29.51,34.64,Yamaha,Exciter,100,Tay côn/Moto,100 - 175 cc,Nhật Bản,1,pho_thong,27.726999990000003,12.273000009999997,3.1185302004558566,1,0,0,144.74120801823426,1
45.0,8.52,10.0,Honda,Cub,30000,Xe số,50 - 100 cc,Nhật Bản,29,trung_cap,33.13400000000001,11.865999999999993,2.1107604420461414,1,1,1,144.43041768184565,1
18.0,78.55,92.21,Honda,SH,100000,Tay ga,100 - 175 cc,Nhật Bản,0,trung_cap,32.534000000000006,-14.534000000000006,-2.6005225781589294,1,0,1,144.02090312635718,1
1.0,11.52,13.52,Honda,Wave,100000,Xe số,50 - 100 cc,Việt Nam,21,trung_cap,12.54083333333332,-11.54083333333332,-2.066368968563832,1,1,1,142.65475874255327,1
35.0,70.52,82.79,Yamaha,Dòng khác,4800,Xe số,100 - 175 cc,Đang cập nhật,1,pho_thong,22.97,12.030000000000001,3.055771725070784,1,0,0,142.23086900283135,1
12.0,33.69,39.55,Honda,SH,100000,Tay ga,100 - 175 cc,Nước khác,18,trung_cap,26.278000000000002,-14.278000000000002,-2.5548374094781523,1,0,1,142.1934963791261,1
8.0,12.98,15.24,Honda,Future,10000,Xe số,100 - 175 cc,Việt Nam,10,trung_cap,25.078399989999998,-17.078399989999998,-3.0545903232156304,1,0,0,142.18361292862522,1
50.9,42.81,50.25,Yamaha,Exciter,50000,Xe số,100 - 175 cc,Việt Nam,19,pho_thong,42.749000000000024,8.150999999999975,2.0539605481136225,1,1,1,142.15842192454488,1
66.0,33.66,39.52,Honda,Dòng khác,11000,Tay ga,100 - 175 cc,Thái Lan,6,trung_cap,54.452600000000004,11.547399999999996,2.0539038219613945,1,1,1,142.15615287845577,1
1.0,38.07,44.69,Honda,Air Blade,12399,Tay ga,100 - 175 cc,Thái Lan,0,trung_cap,12.458,-11.458,-2.051586723228974,1,1,1,142.06346892915894,1
59.0,55.9,65.62,Honda,SH,50000,Tay ga,100 - 175 cc,Nhật Bản,8,trung_cap,44.67620666666664,14.323793333333363,2.5493725632016995,0,1,1,141.97490252806796,1
0.0405,33.65,39.5,Honda,Air Blade,12000,Tay ga,100 - 175 cc,Việt Nam,3,trung_cap,14.269540000000006,-14.229040000000007,-2.5461001209679543,1,1,0,141.84400483871818,1
69.0,9.87,11.59,Honda,Dream,39000,Xe số,50 - 100 cc,Thái Lan,25,trung_cap,57.54,11.46,2.038306619841474,1,1,1,141.53226479365898,1
58.0,51.28,60.19,Honda,Vario,40000,Tay ga,100 - 175 cc,Đang cập nhật,8,trung_cap,43.748546999999974,14.251453000000026,2.5364628744096795,0,1,1,141.45851497638716,1
45.0,9.46,11.11,Honda,Cub,5379,Xe số,50 - 100 cc,Nhật Bản,7,trung_cap,30.776999999999997,14.223000000000003,2.5313852177515734,1,1,0,141.25540871006294,1
38.0,22.36,26.25,Yamaha,Exciter,8500,Tay côn/Moto,100 - 175 cc,Nước khác,5,pho_thong,26.09708000000001,11.902919999999991,3.0229513681829974,1,0,0,140.9180547273199,1
45.0,24.84,29.16,Honda,Spacy,50000,Tay ga,100 - 175 cc,Nhật Bản,21,trung_cap,33.679,11.320999999999998,2.0135010009093333,1,1,1,140.5400400363733,1
50.0,12.42,14.58,Honda,Dylan,20000,Tay ga,100 - 175 cc,Nước khác,17,trung_cap,35.95,14.049999999999997,2.5005120373540164,1,1,0,140.02048149416063,1
26.0,23.92,28.08,Hãng khác,Khác,19788,Tay côn/Moto,100 - 175 cc,Đức,9,pho_thong,41.28518000000001,-15.285180000000011,-2.987334475737025,0,0,1,139.493379029481,1
53.5,37.76,44.33,Honda,Air Blade,549,Tay ga,100 - 175 cc,Việt Nam,0,trung_cap,42.32800000000001,11.17199999999999,1.9869108050755986,1,1,1,139.47643220302396,1
5.3,15.94,18.72,Yamaha,Exciter,30000,Tay côn/Moto,100 - 175 cc,Nhật Bản,14,pho_thong,16.614999999999984,-11.314999999999984,-2.9734321744045347,1,0,0,138.93728697618138,1
2.1,23.37,27.43,Suzuki,GSX,16000,Tay côn/Moto,Trên 175 cc,Đang cập nhật,7,pho_thong,13.236970000000001,-11.136970000000002,-2.472160747909229,1,1,0,138.88642991636914,1
75.0,54.16,63.59,Honda,CB,50000,Tay côn/Moto,Trên 175 cc,Đang cập nhật,12,trung_cap,63.9920025,11.007997500000002,1.957643297745253,1,1,1,138.3057319098101,1
25.0,10.26,12.04,SYM,Wolf,13000,Tay côn/Moto,100 - 175 cc,Trung Quốc,15,pho_thong,19.653800000000004,5.346199999999996,2.95664790388279,1,0,0,138.2659161553116,1
3.0,9.81,11.51,Piaggio,Liberty,60000,Tay ga,100 - 175 cc,Đức,10,pho_thong,14.732999999999999,-11.732999999999999,-2.4510717046773753,1,1,0,138.04286818709502,1
9.0,14.53,17.05,Daelim,Khác,30000,Tay côn/Moto,100 - 175 cc,Đang cập nhật,27,pho_thong,20.975999999999996,-11.975999999999996,-2.4507202568855306,1,0,1,138.02881027542122,1
69.0,44.64,52.4,Honda,SH,600,Tay ga,100 - 175 cc,Nước khác,19,trung_cap,58.065999999999995,10.934000000000005,1.944437874817692,1,1,1,137.77751499270767,1
20.0,3.68,4.32,Hãng khác,Dòng khác,90000,Tay ga,100 - 175 cc,Thái Lan,15,pho_thong,9.550599989999997,10.449400010000003,2.4313499986249454,1,0,1,137.25399994499782,1
73.0,111.75,131.19,Honda,SH,35000,Tay ga,100 - 175 cc,Việt Nam,14,trung_cap,62.231,10.768999999999998,1.914992355941409,1,1,1,136.59969423765637,1
0.95,17.25,20.25,Honda,Dream,123,Xe số,50 - 100 cc,Thái Lan,31,trung_cap,11.606388880000013,-10.656388880000014,-1.9085330543477803,1,1,1,136.3413221739112,1
42.5,29.52,34.66,Yamaha,Exciter,9000,Tay côn/Moto,100 - 175 cc,Nhật Bản,1,pho_thong,31.047999970000006,11.452000029999994,2.9064943777578405,1,0,0,136.25977511031363,1
0.0299,29.62,34.78,Honda,Future,10000,Xe số,100 - 175 cc,Việt Nam,1,trung_cap,13.448538,-13.418638,-2.40147765194749,1,1,0,136.0591060778996,1
55.0,14.97,17.58,Honda,67,12345,Xe số,Dưới 50 cc,Nhật Bản,5,trung_cap,41.51700000000001,13.48299999999999,2.399326527033702,1,1,0,135.97306108134808,1
24.5,16.56,19.44,Honda,SH,20000,Tay ga,100 - 175 cc,Đang cập nhật,24,trung_cap,37.806999999999995,-13.306999999999995,-2.381554992333487,1,0,1,135.26219969333948,1
8.5,21.96,25.78,Honda,Air Blade,100000,Tay ga,100 - 175 cc,Việt Nam,7,trung_cap,21.78205454545455,-13.28205454545455,-2.3771032841353334,1,0,1,135.08413136541333,1
0.025,17.23,20.23,Yamaha,Janus,600,Tay ga,100 - 175 cc,Việt Nam,3,pho_thong,8.995999999999988,-8.970999999999988,-2.368058263915345,1,1,0,134.7223305566138,1
50.0,6.36,7.47,Honda,Cub,123,Xe số,Dưới 50 cc,Nhật Bản,17,trung_cap,36.80106800000001,13.198931999999992,2.348632407905535,1,1,0,133.9452963162214,1
19.3,9.95,11.68,Honda,Wave,1000,Xe số,100 - 175 cc,Thái Lan,23,trung_cap,32.39476666666666,-13.094766666666661,-2.3436803218920153,1,0,1,133.74721287568062,1
45.0,13.96,16.39,Honda,Winner,453,Tay côn/Moto,100 - 175 cc,Nhật Bản,9,trung_cap,31.837,13.163,2.342220066182733,1,1,0,133.6888026473093,1
60.0,44.41,52.13,Honda,SH,8000,Tay ga,50 - 100 cc,Nhật Bản,9,trung_cap,46.858999999999995,13.141000000000005,2.3382939969992296,1,1,0,133.5317598799692,1
25.99,20.0,23.47,Yamaha,Mio,4900,Tay ga,100 - 175 cc,Nhật Bản,3,pho_thong,14.847416646666675,11.142583353333324,2.826582780691172,1,0,0,133.06331122764686,1
8.0,14.32,16.81,Honda,Future,44612,Xe số,100 - 175 cc,Việt Nam,24,trung_cap,20.945999999999998,-12.945999999999998,-2.3171317661859865,1,0,1,132.68527064743947,1
49.0,26.94,31.63,Honda,Future,40,Xe số,100 - 175 cc,Thái Lan,17,trung_cap,35.9848,13.0152,2.3158440195771908,1,1,0,132.63376078308764,1
0.023,22.28,26.15,Hãng khác,Khác,20000,Tay ga,100 - 175 cc,Nước khác,8,pho_thong,12.088569999999995,-12.065569999999996,-2.3094119794801835,1,1,0,132.37647917920734,1
6.0,36.61,42.98,Piaggio,Vespa,3000,Tay ga,100 - 175 cc,Đang cập nhật,7,pho_thong,19.46312798,-13.46312798,-2.8002991850114207,1,0,0,132.01196740045683,1
0.0475,47.19,55.39,Honda,Vario,30000,Tay ga,100 - 175 cc,Đang cập nhật,9,trung_cap,12.87488605,-12.827386050000001,-2.2959641946483185,1,1,0,131.83856778593275,1
52.0,26.52,31.14,Honda,Future,84000,Xe số,100 - 175 cc,Việt Nam,16,trung_cap,42.02,9.979999999999997,1.7741892384057345,1,1,1,130.96756953622938,1
16.8,15.97,18.75,Honda,Air Blade,60000,Tay ga,100 - 175 cc,Việt Nam,10,trung_cap,32.27631904761907,-15.476319047619068,-2.7686866587901227,0,0,1,130.7474663516049,1
8.5,13.6,15.96,Honda,Air Blade,110000,Tay ga,100 - 175 cc,Việt Nam,12,trung_cap,21.136999999999997,-12.636999999999997,-2.2619883399267677,1,0,1,130.4795335970707,1
49.9,41.94,49.23,Yamaha,Exciter,1,Tay côn/Moto,100 - 175 cc,Nước khác,19,pho_thong,40.96234000000004,8.937659999999958,2.2571275448821453,1,1,0,130.2851017952858,1
22.0,41.35,48.54,Honda,Vario,101039,Tay ga,100 - 175 cc,Nước khác,7,trung_cap,34.55700011000002,-12.557000110000018,-2.247711744344375,1,0,1,129.90846977377498,1
2.2,14.53,17.05,SYM,Khác,54276,Tay ga,50 - 100 cc,Nước khác,13,pho_thong,6.9899999999999975,-4.789999999999997,-2.240641233331975,1,1,0,129.625649333279,1
9.8,4.12,4.83,SYM,Attila,39799,Tay ga,100 - 175 cc,Đài Loan,11,pho_thong,4.893999999999999,4.9060000000000015,2.7309374129491153,1,0,0,129.23749651796462,1
52.0,33.65,39.5,Honda,Air Blade,11000,Tay ga,100 - 175 cc,Việt Nam,3,trung_cap,39.49129000000001,12.508709999999986,2.2254569840884133,1,1,0,129.01827936353655,1
37.0,26.16,30.71,Yamaha,Exciter,19000,Tay côn/Moto,100 - 175 cc,Đang cập nhật,4,pho_thong,26.257784060000002,10.742215939999998,2.723181762499176,1,0,0,128.92727049996705,1
55.0,55.2,64.8,Honda,SH,100000,Tay ga,100 - 175 cc,Việt Nam,8,trung_cap,45.31166666666667,9.688333333333333,1.722139078775944,1,1,1,128.88556315103776,1
0.123456,22.2,26.06,Piaggio,Vespa,22000,Tay ga,100 - 175 cc,Đang cập nhật,10,pho_thong,10.693419200000008,-10.569963200000009,-2.216311955170424,1,1,0,128.65247820681697,1
30.0,11.35,13.32,Honda,Cub,35000,Xe số,50 - 100 cc,Nhật Bản,32,trung_cap,17.564099999999993,12.435900000000007,2.2124634796679197,1,0,1,128.49853918671678,1
46.0,13.94,16.37,Honda,Future,18000,Xe số,100 - 175 cc,Nhật Bản,24,trung_cap,36.398999999999994,9.601000000000006,1.706553773835368,1,1,1,128.2621509534147,1
3.2,18.09,21.23,Honda,Wave,86532,Xe số,50 - 100 cc,Việt Nam,25,trung_cap,12.560666666666664,-9.360666666666663,-1.6773014610682369,1,1,1,127.09205844272947,1
32.5,55.9,65.62,Honda,SH,10000,Tay ga,100 - 175 cc,Việt Nam,8,trung_cap,47.46,-14.96,-2.676545554166783,1,0,0,127.06182216667132,1
60.0,35.85,42.08,Honda,Vario,10000,Tay ga,100 - 175 cc,Việt Nam,1,trung_cap,47.77883332333334,12.221166676666662,2.1741426667856243,1,1,0,126.96570667142497,1
55.5,22.33,26.21,Honda,Spacy,34567,Tay ga,100 - 175 cc,Nhật Bản,24,trung_cap,46.081,9.418999999999997,1.674074474226377,1,1,1,126.96297896905506,1
3.0,4.59,5.38,Hãng khác,Dòng khác,600,Tay côn/Moto,Khác,Nước khác,10,pho_thong,14.412577259999999,-11.412577259999999,-2.1719175412288454,1,1,0,126.87670164915382,1
0.000295,21.42,25.14,Honda,MSX 125,14000,Tay côn/Moto,100 - 175 cc,Thái Lan,7,trung_cap,12.113974050000017,-12.113679050000018,-2.16859769197781,1,1,0,126.74390767911238,1
35.0,26.16,30.71,Yamaha,Exciter,60000,Tay côn/Moto,100 - 175 cc,Nhật Bản,4,pho_thong,24.46999999,10.530000009999998,2.6683737473915823,1,0,0,126.73494989566329,1
322.0,333.96,392.04,Harley Davidson,Khác,20000,Tay côn/Moto,Trên 175 cc,Đang cập nhật,9,cao_cap,215.888,106.112,1.6629476047410436,1,1,1,126.51790418964175,1
99.0,14.53,17.05,Ducati,Khác,10000,Tay côn/Moto,Trên 175 cc,Nước khác,11,cao_cap,189.38,-90.38,-1.6485192213383337,1,1,1,125.94076885353334,1
41.5,41.35,48.54,Honda,Vario,35000,Tay ga,100 - 175 cc,Nước khác,7,trung_cap,56.295,-14.795000000000002,-2.647100035290501,0,0,1,125.88400141162003,1
12.345678,98.4,115.51,Honda,SH,50000,Tay ga,100 - 175 cc,Nước khác,15,trung_cap,27.115431380000004,-14.769753380000004,-2.6425945818009726,1,0,0,125.7037832720389,1
11.0,5.28,6.2,SYM,Khác,80000,Tay côn/Moto,100 - 175 cc,Đài Loan,8,pho_thong,16.554900000000004,-5.5549000000000035,-2.6328401304586704,1,0,0,125.31360521834682,1
2.0,3.73,4.38,SYM,Attila,5000,Tay ga,50 - 100 cc,Hàn Quốc,13,pho_thong,6.579299930000001,-4.579299930000001,-2.132605758003808,1,1,0,125.30423032015233,1
20.0,22.35,26.24,Honda,Air Blade,48000,Tay ga,100 - 175 cc,Việt Nam,7,trung_cap,34.70845454545454,-14.708454545454543,-2.6316553333785335,1,0,0,125.26621333514134,1
6.3,7.62,8.94,Honda,Air Blade,20000,Tay ga,100 - 175 cc,Nước khác,17,trung_cap,20.973500000000005,-14.673500000000004,-2.625417425936149,1,0,0,125.01669703744595,1
44.0,33.66,39.52,Honda,Dòng khác,1111,Xe số,Dưới 50 cc,Nhật Bản,6,trung_cap,32.053000000000004,11.946999999999996,2.125215514949044,1,1,0,125.00862059796177,1
64.0,74.57,87.54,Honda,SH,34000,Tay ga,100 - 175 cc,Việt Nam,3,trung_cap,73.025,-9.025000000000006,-1.6173991630714393,1,1,1,124.69596652285757,1
30.0,17.23,20.23,Piaggio,Vespa,48000,Tay ga,100 - 175 cc,Đang cập nhật,11,pho_thong,16.62640368,13.37359632,2.6167114153884725,1,0,0,124.66845661553889,1
22.5,14.51,17.04,Yamaha,Exciter,11111,Tay côn/Moto,100 - 175 cc,Việt Nam,12,pho_thong,12.271999999999991,10.228000000000009,2.590377618116212,1,0,0,123.61510472464849,1
38.0,20.16,23.67,Suzuki,Satria,0,Tay côn/Moto,100 - 175 cc,Nước khác,6,pho_thong,26.582000000000008,11.417999999999992,2.5893936986887214,1,0,0,123.57574794754886,1
70.0,33.2,38.97,Honda,SH,70000,Tay ga,100 - 175 cc,Nước khác,18,trung_cap,61.084,8.915999999999997,1.5843102560762574,1,1,1,123.3724102430503,1
45.0,36.2,42.5,Yamaha,Nvx,50000,Tay ga,100 - 175 cc,Việt Nam,3,pho_thong,36.752,8.247999999999998,2.079012284170562,1,1,0,123.16049136682248,1
49.0,33.12,38.88,Hãng khác,Khác,1363,Tay ga,50 - 100 cc,Nước khác,4,pho_thong,40.341460000000005,8.658539999999995,2.0542657280375916,1,1,0,122.17062912150367,1
60.0,25.54,29.98,Honda,Future,21000,Xe số,50 - 100 cc,Thái Lan,15,trung_cap,48.46265600000001,11.53734399999999,2.052109251429152,1,1,0,122.08437005716608,1
76.0,303.6,356.4,Honda,CB,25000,Tay côn/Moto,Trên 175 cc,Đang cập nhật,19,trung_cap,67.28100500000001,8.718994999999993,1.549153198826427,1,1,1,121.96612795305708,1
47.0,15.04,17.65,Honda,Dream,38000,Xe số,50 - 100 cc,Thái Lan,32,trung_cap,38.33461103999999,8.665388960000008,1.5395867887494439,1,1,1,121.58347154997774,1
430.0,14.53,17.05,BMW,Khác,19000,Tay côn/Moto,Trên 175 cc,Đức,7,cao_cap,267.233,162.767,1.521130352202725,1,1,1,120.845214088109,1
60.0,50.95,59.81,Honda,ADV 150,75000,Tay ga,100 - 175 cc,Đang cập nhật,5,trung_cap,51.467000000000006,8.532999999999994,1.5159609607452516,1,1,1,120.63843842981005,1
33.0,19.75,23.19,Honda,Spacy,45247,Tay ga,100 - 175 cc,Đang cập nhật,25,trung_cap,21.66667900333333,11.333320996666671,2.015699777514928,1,0,1,120.62799110059711,1
16.5,7.18,8.42,Kymco,Dòng khác,30000,Tay ga,Dưới 50 cc,Việt Nam,6,pho_thong,10.273150788095233,6.226849211904767,2.5121155707995615,1,0,0,120.48462283198246,1
3.2,24.46,28.71,Honda,Future,17000,Xe số,100 - 175 cc,Đang cập nhật,14,trung_cap,14.426000000000018,-11.226000000000017,-2.010184539112023,1,1,0,120.40738156448091,1
17.0,13.66,16.04,Yamaha,Exciter,123456,Tay côn/Moto,100 - 175 cc,Việt Nam,13,pho_thong,9.082083333333333,7.917916666666667,1.9937632064029398,1,0,1,119.75052825611758,1
25.0,39.46,46.33,Suzuki,Sport / Xipo,100000,Tay côn/Moto,100 - 175 cc,Đang cập nhật,25,pho_thong,16.284899979999995,8.715100020000005,1.9828366776650426,1,0,1,119.3134671066017,1
70.0,40.73,47.82,Honda,SH,61,Tay ga,100 - 175 cc,Nước khác,17,trung_cap,61.693000000000005,8.306999999999995,1.4756295227692537,1,1,1,119.02518091077015,1
3.0,14.53,17.05,Honda,CD,210,Xe số,50 - 100 cc,Nhật Bản,23,trung_cap,13.991,-10.991,-1.9682469819245885,1,1,0,118.72987927698352,1
61.0,51.28,60.19,Honda,Vario,74000,Tay ga,100 - 175 cc,Đang cập nhật,8,trung_cap,52.7551722,8.244827800000003,1.4645344155651343,1,1,1,118.58137662260538,1
1.6e-05,14.95,17.54,Yamaha,Exciter,55000,Tay côn/Moto,100 - 175 cc,Việt Nam,9,pho_thong,7.329009599999994,-7.328993599999994,-1.9439849552906547,1,1,0,117.7593982116262,1
48.0,10.24,12.02,Honda,Wave,8000,Xe số,100 - 175 cc,Việt Nam,20,trung_cap,37.13300000000001,10.86699999999999,1.9324812095770174,1,1,0,117.2992483830807,1
0.117,72.21,84.76,Honda,CBR,30000,Tay côn/Moto,Trên 175 cc,Nhật Bản,6,trung_cap,10.846899899999984,-10.729899899999984,-1.9216516611782277,1,1,0,116.86606644712911,1
46.0,41.61,48.85,Yamaha,Exciter,8888,Xe số,100 - 175 cc,Việt Nam,15,pho_thong,36.446999999999996,9.553000000000004,2.4160485269983765,0,1,0,116.64194107993507,1
50.0,19.38,22.75,Honda,Lead,0,Tay ga,100 - 175 cc,Việt Nam,8,trung_cap,39.24066666666667,10.75933333333333,1.9132672649365359,1,1,0,116.53069059746144,1
63.0,40.73,47.82,Honda,SH,50000,Tay ga,100 - 175 cc,Nước khác,17,trung_cap,55.092666666666645,7.907333333333355,1.4043059326022653,1,1,1,116.17223730409061,1
90.0,189.77,222.77,BMW,Dòng khác,13000,Tay côn/Moto,Trên 175 cc,Đức,5,cao_cap,190.873,-100.87299999999999,-1.39865271783548,1,1,1,115.94610871341919,1
3.0,52.61,61.76,Honda,Dòng khác,9300,Tay côn/Moto,100 - 175 cc,Việt Nam,2,trung_cap,13.58799999,-10.58799999,-1.8963285310058207,1,1,0,115.85314124023283,1
52.0,60.06,70.5,Piaggio,Sprint,27000,Tay ga,100 - 175 cc,Việt Nam,3,pho_thong,42.202456780000006,9.797543219999994,1.894882725204666,1,1,0,115.79530900818665,1
43.0,44.41,52.13,Honda,SH,112655,Tay ga,100 - 175 cc,Việt Nam,9,trung_cap,32.346000000000004,10.653999999999996,1.8944697215730912,1,0,1,115.77878886292365,1
18.0,27.17,31.89,Honda,Lead,25000,Tay ga,100 - 175 cc,Việt Nam,5,trung_cap,31.365,-13.364999999999998,-2.391905538362726,1,0,0,115.67622153450905,1
45.0,26.21,30.77,Yamaha,PG-1,5678,Xe số,100 - 175 cc,Đang cập nhật,1,pho_thong,37.520885,7.479115,1.8804359534681385,1,1,0,115.21743813872554,1
11.5,41.61,48.85,Yamaha,Exciter,9999,Xe số,100 - 175 cc,Việt Nam,15,pho_thong,20.486,-8.986,-2.3719322437179673,1,0,0,114.8772897487187,1
78.0,62.76,73.68,Honda,SH,38000,Tay ga,100 - 175 cc,Đang cập nhật,6,trung_cap,70.305,7.694999999999993,1.3664134163917725,1,1,1,114.6565366556709,1
73.0,95.08,111.62,Honda,SH,23000,Tay ga,100 - 175 cc,Nước khác,15,trung_cap,65.32337034,7.676629660000003,1.3631350879479336,1,1,1,114.52540351791734,1
1.0,75.13,88.2,Honda,CB,9000,Tay côn/Moto,Trên 175 cc,Nhật Bản,9,trung_cap,11.391177500000001,-10.391177500000001,-1.8612040440690223,1,1,0,114.44816176276089,1
14.0,11.66,13.69,Yamaha,FZ,47000,Tay côn/Moto,100 - 175 cc,Ấn Độ,12,pho_thong,22.909000000000006,-8.909000000000006,-2.352045814064527,1,0,0,114.08183256258108,1
68.0,75.95,89.16,Honda,SH,8000,Tay ga,100 - 175 cc,Việt Nam,1,trung_cap,75.53666666666668,-7.536666666666676,-1.3517946342177067,1,1,1,114.07178536870826,1
48.0,49.74,58.4,Honda,CBR,1600,Xe số,100 - 175 cc,Việt Nam,4,trung_cap,37.598,10.402000000000001,1.8494983836529528,1,1,0,113.97993534611813,1
35.0,55.9,65.62,Honda,SH,100000,Tay ga,100 - 175 cc,Việt Nam,8,trung_cap,45.31166666666667,-10.311666666666667,-1.8470147244097157,1,0,1,113.88058897638862,1
30.5,11.75,13.8,Honda,Wave,49000,Xe số,50 - 100 cc,Thái Lan,27,trung_cap,20.163444429999988,10.336555570000012,1.8378193218413639,1,0,1,113.51277287365455,1
55.0,11.87,13.94,Honda,Dream,250,Xe số,50 - 100 cc,Thái Lan,24,trung_cap,47.48866666666667,7.511333333333333,1.3336366872991854,1,1,1,113.34546749196741,1
7.0,4.6,5.4,Yamaha,Mio,25000,Tay ga,100 - 175 cc,Việt Nam,7,pho_thong,15.831999999999995,-8.831999999999995,-2.332159384411082,1,0,0,113.28637537644329,1
5.5,9.56,11.22,SYM,Angela,123456,Xe số,50 - 100 cc,Thái Lan,6,pho_thong,10.465356769999998,-4.965356769999998,-2.3305545969059054,1,0,0,113.22218387623622,1
45.0,24.18,28.39,Piaggio,Liberty,13000,Tay ga,100 - 175 cc,Đang cập nhật,3,pho_thong,35.540908,9.459091999999998,1.8265661219574414,1,1,0,113.06264487829765,1
75.0,58.13,68.25,Honda,SH,25000,Tay ga,100 - 175 cc,Việt Nam,7,trung_cap,67.54300000000002,7.456999999999979,1.3239404861338606,1,1,1,112.95761944535442,1
66.0,55.2,64.8,Honda,SH,70000,Tay ga,100 - 175 cc,Đang cập nhật,8,trung_cap,58.566,7.4339999999999975,1.3198359592602003,1,1,1,112.79343837040801,1
0.004,6.33,7.43,Yamaha,Sirius,100000,Xe số,100 - 175 cc,Nhật Bản,17,pho_thong,6.842000000000001,-6.838000000000002,-1.8171783359829923,1,1,0,112.68713343931968,1
55.0,31.51,36.99,Kawasaki,Khác,952,Tay côn/Moto,Trên 175 cc,Nước khác,2,trung_cap,79.79204329999995,-24.792043299999946,-1.3138908782401968,1,1,1,112.55563512960786,1
9.9,14.53,17.05,SYM,Khác,20000,Tay ga,100 - 175 cc,Đài Loan,13,pho_thong,5.812916666666665,4.087083333333335,2.3110417226558306,1,0,0,112.44166890623323,1
62.0,39.06,45.86,Honda,CBR,1433,Tay côn/Moto,100 - 175 cc,Đang cập nhật,3,trung_cap,51.815,10.185000000000002,1.8107730648883886,1,1,0,112.43092259553555,1
29.0,8.99,10.55,Hãng khác,Dòng khác,2216,Tay côn/Moto,100 - 175 cc,Việt Nam,6,pho_thong,19.152015859999995,9.847984140000005,2.3047156087830465,1,0,0,112.18862435132186,1
0.06,27.65,32.46,Honda,SH Mode,12345,Tay ga,100 - 175 cc,Việt Nam,10,trung_cap,10.117799999999985,-10.057799999999984,-1.8017102654679429,1,1,0,112.0684106187177,1
